Label,Attack,is_seeded_ddos,burst_id,burst_phase,source_dataset,row_in_window
0,Benign,0,,,NF-UNSW-NB15-v3-Benign,0
0,Benign,0,,,NF-UNSW-NB15-v3-Benign,1
0,Benign,0,,,NF-UNSW-NB15-v3-Benign,2
0,Benign,0,,,NF-UNSW-NB15-v3-Benign,3
0,Benign,0,,,NF-UNSW-NB15-v3-Benign,4
0,Benign,0,,,NF-UNSW-NB15-v3-Benign,5
0,Benign,0,,,NF-UNSW-NB15-v3-Benign,6
0,Benign,0,,,NF-UNSW-NB15-v3-Benign,7
0,Benign,0,,,NF-UNSW-NB15-v3-Benign,8
0,Benign,0,,,NF-UNSW-NB15-v3-Benign,9
0,Benign,0,,,NF-UNSW-NB15-v3-Benign,10
0,Benign,0,,,NF-UNSW-NB15-v3-Benign,11
0,Benign,0,,,NF-UNSW-NB15-v3-Benign,12
0,Benign,0,,,NF-UNSW-NB15-v3-Benign,13
0,Benign,0,,,NF-UNSW-NB15-v3-Benign,14
0,Benign,0,,,NF-UNSW-NB15-v3-Benign,15
0,Benign,0,,,NF-UNSW-NB15-v3-Benign,16
0,Benign,0,,,NF-UNSW-NB15-v3-Benign,17
0,Benign,0,,,NF-UNSW-NB15-v3-Benign,18
0,Benign,0,,,NF-UNSW-NB15-v3-Benign,19
0,Benign,0,,,NF-UNSW-NB15-v3-Benign,20
0,Benign,0,,,NF-UNSW-NB15-v3-Benign,21
0,Benign,0,,,NF-UNSW-NB15-v3-Benign,22
0,Benign,0,,,NF-UNSW-NB15-v3-Benign,23
0,Benign,0,,,NF-UNSW-NB15-v3-Benign,24
0,Benign,0,,,NF-UNSW-NB15-v3-Benign,25
0,Benign,0,,,NF-UNSW-NB15-v3-Benign,26
0,Benign,0,,,NF-UNSW-NB15-v3-Benign,27
0,Benign,0,,,NF-UNSW-NB15-v3-Benign,28
0,Benign,0,,,NF-UNSW-NB15-v3-Benign,29
0,Benign,0,,,NF-UNSW-NB15-v3-Benign,30
0,Benign,0,,,NF-UNSW-NB15-v3-Benign,31
0,Benign,0,,,NF-UNSW-NB15-v3-Benign,32
0,Benign,0,,,NF-UNSW-NB15-v3-Benign,33
0,Benign,0,,,NF-UNSW-NB15-v3-Benign,34
0,Benign,0,,,NF-UNSW-NB15-v3-Benign,35
0,Benign,0,,,NF-UNSW-NB15-v3-Benign,36
0,Benign,0,,,NF-UNSW-NB15-v3-Benign,37
0,Benign,0,,,NF-UNSW-NB15-v3-Benign,38
0,Benign,0,,,NF-UNSW-NB15-v3-Benign,39
0,Benign,0,,,NF-UNSW-NB15-v3-Benign,40
0,Benign,0,,,NF-UNSW-NB15-v3-Benign,41
0,Benign,0,,,NF-UNSW-NB15-v3-Benign,42
0,Benign,0,,,NF-UNSW-NB15-v3-Benign,43
0,Benign,0,,,NF-UNSW-NB15-v3-Benign,44
0,Benign,0,,,NF-UNSW-NB15-v3-Benign,45
0,Benign,0,,,NF-UNSW-NB15-v3-Benign,46
0,Benign,0,,,NF-UNSW-NB15-v3-Benign,47
0,Benign,0,,,NF-UNSW-NB15-v3-Benign,48
0,Benign,0,,,NF-UNSW-NB15-v3-Benign,49
0,Benign,0,,,NF-UNSW-NB15-v3-Benign,50
0,Benign,0,,,NF-UNSW-NB15-v3-Benign,51
0,Benign,0,,,NF-UNSW-NB15-v3-Benign,52
0,Benign,0,,,NF-UNSW-NB15-v3-Benign,53
0,Benign,0,,,NF-UNSW-NB15-v3-Benign,54
0,Benign,0,,,NF-UNSW-NB15-v3-Benign,55
0,Benign,0,,,NF-UNSW-NB15-v3-Benign,56
0,Benign,0,,,NF-UNSW-NB15-v3-Benign,57
0,Benign,0,,,NF-UNSW-NB15-v3-Benign,58
0,Benign,0,,,NF-UNSW-NB15-v3-Benign,59
0,Benign,0,,,NF-UNSW-NB15-v3-Benign,60
0,Benign,0,,,NF-UNSW-NB15-v3-Benign,61
0,Benign,0,,,NF-UNSW-NB15-v3-Benign,62
0,Benign,0,,,NF-UNSW-NB15-v3-Benign,63
0,Benign,0,,,NF-UNSW-NB15-v3-Benign,64
0,Benign,0,,,NF-UNSW-NB15-v3-Benign,65
0,Benign,0,,,NF-UNSW-NB15-v3-Benign,66
0,Benign,0,,,NF-UNSW-NB15-v3-Benign,67
0,Benign,0,,,NF-UNSW-NB15-v3-Benign,68
0,Benign,0,,,NF-UNSW-NB15-v3-Benign,69
0,Benign,0,,,NF-UNSW-NB15-v3-Benign,70
0,Benign,0,,,NF-UNSW-NB15-v3-Benign,71
0,Benign,0,,,NF-UNSW-NB15-v3-Benign,72
0,Benign,0,,,NF-UNSW-NB15-v3-Benign,73
0,Benign,0,,,NF-UNSW-NB15-v3-Benign,74
0,Benign,0,,,NF-UNSW-NB15-v3-Benign,75
0,Benign,0,,,NF-UNSW-NB15-v3-Benign,76
0,Benign,0,,,NF-UNSW-NB15-v3-Benign,77
0,Benign,0,,,NF-UNSW-NB15-v3-Benign,78
0,Benign,0,,,NF-UNSW-NB15-v3-Benign,79
0,Benign,0,,,NF-UNSW-NB15-v3-Benign,80
0,Benign,0,,,NF-UNSW-NB15-v3-Benign,81
0,Benign,0,,,NF-UNSW-NB15-v3-Benign,82
0,Benign,0,,,NF-UNSW-NB15-v3-Benign,83
0,Benign,0,,,NF-UNSW-NB15-v3-Benign,84
0,Benign,0,,,NF-UNSW-NB15-v3-Benign,85
0,Benign,0,,,NF-UNSW-NB15-v3-Benign,86
0,Benign,0,,,NF-UNSW-NB15-v3-Benign,87
0,Benign,0,,,NF-UNSW-NB15-v3-Benign,88
0,Benign,0,,,NF-UNSW-NB15-v3-Benign,89
0,Benign,0,,,NF-UNSW-NB15-v3-Benign,90
0,Benign,0,,,NF-UNSW-NB15-v3-Benign,91
0,Benign,0,,,NF-UNSW-NB15-v3-Benign,92
0,Benign,0,,,NF-UNSW-NB15-v3-Benign,93
0,Benign,0,,,NF-UNSW-NB15-v3-Benign,94
0,Benign,0,,,NF-UNSW-NB15-v3-Benign,95
0,Benign,0,,,NF-UNSW-NB15-v3-Benign,96
0,Benign,0,,,NF-UNSW-NB15-v3-Benign,97
0,Benign,0,,,NF-UNSW-NB15-v3-Benign,98
0,Benign,0,,,NF-UNSW-NB15-v3-Benign,99
0,Benign,0,,,NF-UNSW-NB15-v3-Benign,100
0,Benign,0,,,NF-UNSW-NB15-v3-Benign,101
0,Benign,0,,,NF-UNSW-NB15-v3-Benign,102
0,Benign,0,,,NF-UNSW-NB15-v3-Benign,103
0,Benign,0,,,NF-UNSW-NB15-v3-Benign,104
0,Benign,0,,,NF-UNSW-NB15-v3-Benign,105
0,Benign,0,,,NF-UNSW-NB15-v3-Benign,106
0,Benign,0,,,NF-UNSW-NB15-v3-Benign,107
0,Benign,0,,,NF-UNSW-NB15-v3-Benign,108
0,Benign,0,,,NF-UNSW-NB15-v3-Benign,109
0,Benign,0,,,NF-UNSW-NB15-v3-Benign,110
0,Benign,0,,,NF-UNSW-NB15-v3-Benign,111
0,Benign,0,,,NF-UNSW-NB15-v3-Benign,112
0,Benign,0,,,NF-UNSW-NB15-v3-Benign,113
0,Benign,0,,,NF-UNSW-NB15-v3-Benign,114
0,Benign,0,,,NF-UNSW-NB15-v3-Benign,115
0,Benign,0,,,NF-UNSW-NB15-v3-Benign,116
0,Benign,0,,,NF-UNSW-NB15-v3-Benign,117
0,Benign,0,,,NF-UNSW-NB15-v3-Benign,118
0,Benign,0,,,NF-UNSW-NB15-v3-Benign,119
0,Benign,0,,,NF-UNSW-NB15-v3-Benign,120
0,Benign,0,,,NF-UNSW-NB15-v3-Benign,121
0,Benign,0,,,NF-UNSW-NB15-v3-Benign,122
0,Benign,0,,,NF-UNSW-NB15-v3-Benign,123
0,Benign,0,,,NF-UNSW-NB15-v3-Benign,124
0,Benign,0,,,NF-UNSW-NB15-v3-Benign,125
0,Benign,0,,,NF-UNSW-NB15-v3-Benign,126
0,Benign,0,,,NF-UNSW-NB15-v3-Benign,127
0,Benign,0,,,NF-UNSW-NB15-v3-Benign,128
0,Benign,0,,,NF-UNSW-NB15-v3-Benign,129
0,Benign,0,,,NF-UNSW-NB15-v3-Benign,130
0,Benign,0,,,NF-UNSW-NB15-v3-Benign,131
0,Benign,0,,,NF-UNSW-NB15-v3-Benign,132
0,Benign,0,,,NF-UNSW-NB15-v3-Benign,133
0,Benign,0,,,NF-UNSW-NB15-v3-Benign,134
0,Benign,0,,,NF-UNSW-NB15-v3-Benign,135
0,Benign,0,,,NF-UNSW-NB15-v3-Benign,136
0,Benign,0,,,NF-UNSW-NB15-v3-Benign,137
0,Benign,0,,,NF-UNSW-NB15-v3-Benign,138
0,Benign,0,,,NF-UNSW-NB15-v3-Benign,139
0,Benign,0,,,NF-UNSW-NB15-v3-Benign,140
0,Benign,0,,,NF-UNSW-NB15-v3-Benign,141
0,Benign,0,,,NF-UNSW-NB15-v3-Benign,142
0,Benign,0,,,NF-UNSW-NB15-v3-Benign,143
0,Benign,0,,,NF-UNSW-NB15-v3-Benign,144
0,Benign,0,,,NF-UNSW-NB15-v3-Benign,145
0,Benign,0,,,NF-UNSW-NB15-v3-Benign,146
0,Benign,0,,,NF-UNSW-NB15-v3-Benign,147
0,Benign,0,,,NF-UNSW-NB15-v3-Benign,148
0,Benign,0,,,NF-UNSW-NB15-v3-Benign,149
0,Benign,0,,,NF-UNSW-NB15-v3-Benign,150
0,Benign,0,,,NF-UNSW-NB15-v3-Benign,151
0,Benign,0,,,NF-UNSW-NB15-v3-Benign,152
0,Benign,0,,,NF-UNSW-NB15-v3-Benign,153
0,Benign,0,,,NF-UNSW-NB15-v3-Benign,154
0,Benign,0,,,NF-UNSW-NB15-v3-Benign,155
0,Benign,0,,,NF-UNSW-NB15-v3-Benign,156
0,Benign,0,,,NF-UNSW-NB15-v3-Benign,157
0,Benign,0,,,NF-UNSW-NB15-v3-Benign,158
0,Benign,0,,,NF-UNSW-NB15-v3-Benign,159
0,Benign,0,,,NF-UNSW-NB15-v3-Benign,160
0,Benign,0,,,NF-UNSW-NB15-v3-Benign,161
0,Benign,0,,,NF-UNSW-NB15-v3-Benign,162
0,Benign,0,,,NF-UNSW-NB15-v3-Benign,163
0,Benign,0,,,NF-UNSW-NB15-v3-Benign,164
0,Benign,0,,,NF-UNSW-NB15-v3-Benign,165
0,Benign,0,,,NF-UNSW-NB15-v3-Benign,166
0,Benign,0,,,NF-UNSW-NB15-v3-Benign,167
0,Benign,0,,,NF-UNSW-NB15-v3-Benign,168
0,Benign,0,,,NF-UNSW-NB15-v3-Benign,169
0,Benign,0,,,NF-UNSW-NB15-v3-Benign,170
0,Benign,0,,,NF-UNSW-NB15-v3-Benign,171
0,Benign,0,,,NF-UNSW-NB15-v3-Benign,172
0,Benign,0,,,NF-UNSW-NB15-v3-Benign,173
0,Benign,0,,,NF-UNSW-NB15-v3-Benign,174
0,Benign,0,,,NF-UNSW-NB15-v3-Benign,175
0,Benign,0,,,NF-UNSW-NB15-v3-Benign,176
0,Benign,0,,,NF-UNSW-NB15-v3-Benign,177
0,Benign,0,,,NF-UNSW-NB15-v3-Benign,178
0,Benign,0,,,NF-UNSW-NB15-v3-Benign,179
0,Benign,0,,,NF-UNSW-NB15-v3-Benign,180
0,Benign,0,,,NF-UNSW-NB15-v3-Benign,181
0,Benign,0,,,NF-UNSW-NB15-v3-Benign,182
0,Benign,0,,,NF-UNSW-NB15-v3-Benign,183
0,Benign,0,,,NF-UNSW-NB15-v3-Benign,184
0,Benign,0,,,NF-UNSW-NB15-v3-Benign,185
0,Benign,0,,,NF-UNSW-NB15-v3-Benign,186
0,Benign,0,,,NF-UNSW-NB15-v3-Benign,187
0,Benign,0,,,NF-UNSW-NB15-v3-Benign,188
0,Benign,0,,,NF-UNSW-NB15-v3-Benign,189
0,Benign,0,,,NF-UNSW-NB15-v3-Benign,190
0,Benign,0,,,NF-UNSW-NB15-v3-Benign,191
0,Benign,0,,,NF-UNSW-NB15-v3-Benign,192
0,Benign,0,,,NF-UNSW-NB15-v3-Benign,193
0,Benign,0,,,NF-UNSW-NB15-v3-Benign,194
0,Benign,0,,,NF-UNSW-NB15-v3-Benign,195
0,Benign,0,,,NF-UNSW-NB15-v3-Benign,196
0,Benign,0,,,NF-UNSW-NB15-v3-Benign,197
0,Benign,0,,,NF-UNSW-NB15-v3-Benign,198
0,Benign,0,,,NF-UNSW-NB15-v3-Benign,199
0,Benign,0,,,NF-UNSW-NB15-v3-Benign,200
0,Benign,0,,,NF-UNSW-NB15-v3-Benign,201
0,Benign,0,,,NF-UNSW-NB15-v3-Benign,202
0,Benign,0,,,NF-UNSW-NB15-v3-Benign,203
0,Benign,0,,,NF-UNSW-NB15-v3-Benign,204
0,Benign,0,,,NF-UNSW-NB15-v3-Benign,205
0,Benign,0,,,NF-UNSW-NB15-v3-Benign,206
0,Benign,0,,,NF-UNSW-NB15-v3-Benign,207
0,Benign,0,,,NF-UNSW-NB15-v3-Benign,208
0,Benign,0,,,NF-UNSW-NB15-v3-Benign,209
0,Benign,0,,,NF-UNSW-NB15-v3-Benign,210
0,Benign,0,,,NF-UNSW-NB15-v3-Benign,211
0,Benign,0,,,NF-UNSW-NB15-v3-Benign,212
0,Benign,0,,,NF-UNSW-NB15-v3-Benign,213
0,Benign,0,,,NF-UNSW-NB15-v3-Benign,214
0,Benign,0,,,NF-UNSW-NB15-v3-Benign,215
0,Benign,0,,,NF-UNSW-NB15-v3-Benign,216
0,Benign,0,,,NF-UNSW-NB15-v3-Benign,217
0,Benign,0,,,NF-UNSW-NB15-v3-Benign,218
0,Benign,0,,,NF-UNSW-NB15-v3-Benign,219
0,Benign,0,,,NF-UNSW-NB15-v3-Benign,220
0,Benign,0,,,NF-UNSW-NB15-v3-Benign,221
0,Benign,0,,,NF-UNSW-NB15-v3-Benign,222
0,Benign,0,,,NF-UNSW-NB15-v3-Benign,223
0,Benign,0,,,NF-UNSW-NB15-v3-Benign,224
0,Benign,0,,,NF-UNSW-NB15-v3-Benign,225
0,Benign,0,,,NF-UNSW-NB15-v3-Benign,226
0,Benign,0,,,NF-UNSW-NB15-v3-Benign,227
0,Benign,0,,,NF-UNSW-NB15-v3-Benign,228
0,Benign,0,,,NF-UNSW-NB15-v3-Benign,229
0,Benign,0,,,NF-UNSW-NB15-v3-Benign,230
0,Benign,0,,,NF-UNSW-NB15-v3-Benign,231
0,Benign,0,,,NF-UNSW-NB15-v3-Benign,232
0,Benign,0,,,NF-UNSW-NB15-v3-Benign,233
0,Benign,0,,,NF-UNSW-NB15-v3-Benign,234
0,Benign,0,,,NF-UNSW-NB15-v3-Benign,235
0,Benign,0,,,NF-UNSW-NB15-v3-Benign,236
0,Benign,0,,,NF-UNSW-NB15-v3-Benign,237
0,Benign,0,,,NF-UNSW-NB15-v3-Benign,238
0,Benign,0,,,NF-UNSW-NB15-v3-Benign,239
0,Benign,0,,,NF-UNSW-NB15-v3-Benign,240
0,Benign,0,,,NF-UNSW-NB15-v3-Benign,241
0,Benign,0,,,NF-UNSW-NB15-v3-Benign,242
0,Benign,0,,,NF-UNSW-NB15-v3-Benign,243
0,Benign,0,,,NF-UNSW-NB15-v3-Benign,244
0,Benign,0,,,NF-UNSW-NB15-v3-Benign,245
0,Benign,0,,,NF-UNSW-NB15-v3-Benign,246
0,Benign,0,,,NF-UNSW-NB15-v3-Benign,247
0,Benign,0,,,NF-UNSW-NB15-v3-Benign,248
0,Benign,0,,,NF-UNSW-NB15-v3-Benign,249
0,Benign,0,,,NF-UNSW-NB15-v3-Benign,250
0,Benign,0,,,NF-UNSW-NB15-v3-Benign,251
0,Benign,0,,,NF-UNSW-NB15-v3-Benign,252
0,Benign,0,,,NF-UNSW-NB15-v3-Benign,253
0,Benign,0,,,NF-UNSW-NB15-v3-Benign,254
0,Benign,0,,,NF-UNSW-NB15-v3-Benign,255
0,Benign,0,,,NF-UNSW-NB15-v3-Benign,256
0,Benign,0,,,NF-UNSW-NB15-v3-Benign,257
0,Benign,0,,,NF-UNSW-NB15-v3-Benign,258
0,Benign,0,,,NF-UNSW-NB15-v3-Benign,259
0,Benign,0,,,NF-UNSW-NB15-v3-Benign,260
0,Benign,0,,,NF-UNSW-NB15-v3-Benign,261
0,Benign,0,,,NF-UNSW-NB15-v3-Benign,262
0,Benign,0,,,NF-UNSW-NB15-v3-Benign,263
0,Benign,0,,,NF-UNSW-NB15-v3-Benign,264
0,Benign,0,,,NF-UNSW-NB15-v3-Benign,265
0,Benign,0,,,NF-UNSW-NB15-v3-Benign,266
0,Benign,0,,,NF-UNSW-NB15-v3-Benign,267
0,Benign,0,,,NF-UNSW-NB15-v3-Benign,268
0,Benign,0,,,NF-UNSW-NB15-v3-Benign,269
0,Benign,0,,,NF-UNSW-NB15-v3-Benign,270
0,Benign,0,,,NF-UNSW-NB15-v3-Benign,271
0,Benign,0,,,NF-UNSW-NB15-v3-Benign,272
0,Benign,0,,,NF-UNSW-NB15-v3-Benign,273
0,Benign,0,,,NF-UNSW-NB15-v3-Benign,274
0,Benign,0,,,NF-UNSW-NB15-v3-Benign,275
0,Benign,0,,,NF-UNSW-NB15-v3-Benign,276
0,Benign,0,,,NF-UNSW-NB15-v3-Benign,277
0,Benign,0,,,NF-UNSW-NB15-v3-Benign,278
0,Benign,0,,,NF-UNSW-NB15-v3-Benign,279
0,Benign,0,,,NF-UNSW-NB15-v3-Benign,280
0,Benign,0,,,NF-UNSW-NB15-v3-Benign,281
0,Benign,0,,,NF-UNSW-NB15-v3-Benign,282
0,Benign,0,,,NF-UNSW-NB15-v3-Benign,283
0,Benign,0,,,NF-UNSW-NB15-v3-Benign,284
0,Benign,0,,,NF-UNSW-NB15-v3-Benign,285
0,Benign,0,,,NF-UNSW-NB15-v3-Benign,286
0,Benign,0,,,NF-UNSW-NB15-v3-Benign,287
0,Benign,0,,,NF-UNSW-NB15-v3-Benign,288
0,Benign,0,,,NF-UNSW-NB15-v3-Benign,289
0,Benign,0,,,NF-UNSW-NB15-v3-Benign,290
0,Benign,0,,,NF-UNSW-NB15-v3-Benign,291
0,Benign,0,,,NF-UNSW-NB15-v3-Benign,292
0,Benign,0,,,NF-UNSW-NB15-v3-Benign,293
0,Benign,0,,,NF-UNSW-NB15-v3-Benign,294
0,Benign,0,,,NF-UNSW-NB15-v3-Benign,295
0,Benign,0,,,NF-UNSW-NB15-v3-Benign,296
0,Benign,0,,,NF-UNSW-NB15-v3-Benign,297
0,Benign,0,,,NF-UNSW-NB15-v3-Benign,298
0,Benign,0,,,NF-UNSW-NB15-v3-Benign,299
0,Benign,0,,,NF-UNSW-NB15-v3-Benign,300
0,Benign,0,,,NF-UNSW-NB15-v3-Benign,301
0,Benign,0,,,NF-UNSW-NB15-v3-Benign,302
0,Benign,0,,,NF-UNSW-NB15-v3-Benign,303
0,Benign,0,,,NF-UNSW-NB15-v3-Benign,304
0,Benign,0,,,NF-UNSW-NB15-v3-Benign,305
0,Benign,0,,,NF-UNSW-NB15-v3-Benign,306
0,Benign,0,,,NF-UNSW-NB15-v3-Benign,307
0,Benign,0,,,NF-UNSW-NB15-v3-Benign,308
0,Benign,0,,,NF-UNSW-NB15-v3-Benign,309
0,Benign,0,,,NF-UNSW-NB15-v3-Benign,310
0,Benign,0,,,NF-UNSW-NB15-v3-Benign,311
0,Benign,0,,,NF-UNSW-NB15-v3-Benign,312
0,Benign,0,,,NF-UNSW-NB15-v3-Benign,313
0,Benign,0,,,NF-UNSW-NB15-v3-Benign,314
0,Benign,0,,,NF-UNSW-NB15-v3-Benign,315
0,Benign,0,,,NF-UNSW-NB15-v3-Benign,316
0,Benign,0,,,NF-UNSW-NB15-v3-Benign,317
0,Benign,0,,,NF-UNSW-NB15-v3-Benign,318
0,Benign,0,,,NF-UNSW-NB15-v3-Benign,319
0,Benign,0,,,NF-UNSW-NB15-v3-Benign,320
0,Benign,0,,,NF-UNSW-NB15-v3-Benign,321
0,Benign,0,,,NF-UNSW-NB15-v3-Benign,322
0,Benign,0,,,NF-UNSW-NB15-v3-Benign,323
0,Benign,0,,,NF-UNSW-NB15-v3-Benign,324
0,Benign,0,,,NF-UNSW-NB15-v3-Benign,325
0,Benign,0,,,NF-UNSW-NB15-v3-Benign,326
0,Benign,0,,,NF-UNSW-NB15-v3-Benign,327
0,Benign,0,,,NF-UNSW-NB15-v3-Benign,328
0,Benign,0,,,NF-UNSW-NB15-v3-Benign,329
0,Benign,0,,,NF-UNSW-NB15-v3-Benign,330
0,Benign,0,,,NF-UNSW-NB15-v3-Benign,331
0,Benign,0,,,NF-UNSW-NB15-v3-Benign,332
0,Benign,0,,,NF-UNSW-NB15-v3-Benign,333
0,Benign,0,,,NF-UNSW-NB15-v3-Benign,334
0,Benign,0,,,NF-UNSW-NB15-v3-Benign,335
0,Benign,0,,,NF-UNSW-NB15-v3-Benign,336
0,Benign,0,,,NF-UNSW-NB15-v3-Benign,337
0,Benign,0,,,NF-UNSW-NB15-v3-Benign,338
0,Benign,0,,,NF-UNSW-NB15-v3-Benign,339
0,Benign,0,,,NF-UNSW-NB15-v3-Benign,340
0,Benign,0,,,NF-UNSW-NB15-v3-Benign,341
0,Benign,0,,,NF-UNSW-NB15-v3-Benign,342
0,Benign,0,,,NF-UNSW-NB15-v3-Benign,343
0,Benign,0,,,NF-UNSW-NB15-v3-Benign,344
0,Benign,0,,,NF-UNSW-NB15-v3-Benign,345
0,Benign,0,,,NF-UNSW-NB15-v3-Benign,346
0,Benign,0,,,NF-UNSW-NB15-v3-Benign,347
0,Benign,0,,,NF-UNSW-NB15-v3-Benign,348
0,Benign,0,,,NF-UNSW-NB15-v3-Benign,349
0,Benign,0,,,NF-UNSW-NB15-v3-Benign,350
0,Benign,0,,,NF-UNSW-NB15-v3-Benign,351
0,Benign,0,,,NF-UNSW-NB15-v3-Benign,352
0,Benign,0,,,NF-UNSW-NB15-v3-Benign,353
0,Benign,0,,,NF-UNSW-NB15-v3-Benign,354
0,Benign,0,,,NF-UNSW-NB15-v3-Benign,355
0,Benign,0,,,NF-UNSW-NB15-v3-Benign,356
0,Benign,0,,,NF-UNSW-NB15-v3-Benign,357
0,Benign,0,,,NF-UNSW-NB15-v3-Benign,358
0,Benign,0,,,NF-UNSW-NB15-v3-Benign,359
0,Benign,0,,,NF-UNSW-NB15-v3-Benign,360
0,Benign,0,,,NF-UNSW-NB15-v3-Benign,361
0,Benign,0,,,NF-UNSW-NB15-v3-Benign,362
0,Benign,0,,,NF-UNSW-NB15-v3-Benign,363
0,Benign,0,,,NF-UNSW-NB15-v3-Benign,364
0,Benign,0,,,NF-UNSW-NB15-v3-Benign,365
0,Benign,0,,,NF-UNSW-NB15-v3-Benign,366
0,Benign,0,,,NF-UNSW-NB15-v3-Benign,367
0,Benign,0,,,NF-UNSW-NB15-v3-Benign,368
0,Benign,0,,,NF-UNSW-NB15-v3-Benign,369
0,Benign,0,,,NF-UNSW-NB15-v3-Benign,370
0,Benign,0,,,NF-UNSW-NB15-v3-Benign,371
0,Benign,0,,,NF-UNSW-NB15-v3-Benign,372
0,Benign,0,,,NF-UNSW-NB15-v3-Benign,373
0,Benign,0,,,NF-UNSW-NB15-v3-Benign,374
0,Benign,0,,,NF-UNSW-NB15-v3-Benign,375
0,Benign,0,,,NF-UNSW-NB15-v3-Benign,376
0,Benign,0,,,NF-UNSW-NB15-v3-Benign,377
0,Benign,0,,,NF-UNSW-NB15-v3-Benign,378
0,Benign,0,,,NF-UNSW-NB15-v3-Benign,379
0,Benign,0,,,NF-UNSW-NB15-v3-Benign,380
0,Benign,0,,,NF-UNSW-NB15-v3-Benign,381
0,Benign,0,,,NF-UNSW-NB15-v3-Benign,382
0,Benign,0,,,NF-UNSW-NB15-v3-Benign,383
0,Benign,0,,,NF-UNSW-NB15-v3-Benign,384
0,Benign,0,,,NF-UNSW-NB15-v3-Benign,385
0,Benign,0,,,NF-UNSW-NB15-v3-Benign,386
0,Benign,0,,,NF-UNSW-NB15-v3-Benign,387
0,Benign,0,,,NF-UNSW-NB15-v3-Benign,388
0,Benign,0,,,NF-UNSW-NB15-v3-Benign,389
0,Benign,0,,,NF-UNSW-NB15-v3-Benign,390
0,Benign,0,,,NF-UNSW-NB15-v3-Benign,391
0,Benign,0,,,NF-UNSW-NB15-v3-Benign,392
0,Benign,0,,,NF-UNSW-NB15-v3-Benign,393
0,Benign,0,,,NF-UNSW-NB15-v3-Benign,394
0,Benign,0,,,NF-UNSW-NB15-v3-Benign,395
0,Benign,0,,,NF-UNSW-NB15-v3-Benign,396
0,Benign,0,,,NF-UNSW-NB15-v3-Benign,397
0,Benign,0,,,NF-UNSW-NB15-v3-Benign,398
0,Benign,0,,,NF-UNSW-NB15-v3-Benign,399
0,Benign,0,,,NF-UNSW-NB15-v3-Benign,400
0,Benign,0,,,NF-UNSW-NB15-v3-Benign,401
0,Benign,0,,,NF-UNSW-NB15-v3-Benign,402
0,Benign,0,,,NF-UNSW-NB15-v3-Benign,403
0,Benign,0,,,NF-UNSW-NB15-v3-Benign,404
0,Benign,0,,,NF-UNSW-NB15-v3-Benign,405
0,Benign,0,,,NF-UNSW-NB15-v3-Benign,406
0,Benign,0,,,NF-UNSW-NB15-v3-Benign,407
0,Benign,0,,,NF-UNSW-NB15-v3-Benign,408
0,Benign,0,,,NF-UNSW-NB15-v3-Benign,409
0,Benign,0,,,NF-UNSW-NB15-v3-Benign,410
0,Benign,0,,,NF-UNSW-NB15-v3-Benign,411
0,Benign,0,,,NF-UNSW-NB15-v3-Benign,412
0,Benign,0,,,NF-UNSW-NB15-v3-Benign,413
0,Benign,0,,,NF-UNSW-NB15-v3-Benign,414
0,Benign,0,,,NF-UNSW-NB15-v3-Benign,415
0,Benign,0,,,NF-UNSW-NB15-v3-Benign,416
0,Benign,0,,,NF-UNSW-NB15-v3-Benign,417
0,Benign,0,,,NF-UNSW-NB15-v3-Benign,418
0,Benign,0,,,NF-UNSW-NB15-v3-Benign,419
0,Benign,0,,,NF-UNSW-NB15-v3-Benign,420
0,Benign,0,,,NF-UNSW-NB15-v3-Benign,421
0,Benign,0,,,NF-UNSW-NB15-v3-Benign,422
0,Benign,0,,,NF-UNSW-NB15-v3-Benign,423
0,Benign,0,,,NF-UNSW-NB15-v3-Benign,424
0,Benign,0,,,NF-UNSW-NB15-v3-Benign,425
0,Benign,0,,,NF-UNSW-NB15-v3-Benign,426
0,Benign,0,,,NF-UNSW-NB15-v3-Benign,427
0,Benign,0,,,NF-UNSW-NB15-v3-Benign,428
0,Benign,0,,,NF-UNSW-NB15-v3-Benign,429
0,Benign,0,,,NF-UNSW-NB15-v3-Benign,430
0,Benign,0,,,NF-UNSW-NB15-v3-Benign,431
0,Benign,0,,,NF-UNSW-NB15-v3-Benign,432
0,Benign,0,,,NF-UNSW-NB15-v3-Benign,433
0,Benign,0,,,NF-UNSW-NB15-v3-Benign,434
0,Benign,0,,,NF-UNSW-NB15-v3-Benign,435
0,Benign,0,,,NF-UNSW-NB15-v3-Benign,436
0,Benign,0,,,NF-UNSW-NB15-v3-Benign,437
0,Benign,0,,,NF-UNSW-NB15-v3-Benign,438
0,Benign,0,,,NF-UNSW-NB15-v3-Benign,439
0,Benign,0,,,NF-UNSW-NB15-v3-Benign,440
0,Benign,0,,,NF-UNSW-NB15-v3-Benign,441
0,Benign,0,,,NF-UNSW-NB15-v3-Benign,442
0,Benign,0,,,NF-UNSW-NB15-v3-Benign,443
0,Benign,0,,,NF-UNSW-NB15-v3-Benign,444
0,Benign,0,,,NF-UNSW-NB15-v3-Benign,445
0,Benign,0,,,NF-UNSW-NB15-v3-Benign,446
0,Benign,0,,,NF-UNSW-NB15-v3-Benign,447
0,Benign,0,,,NF-UNSW-NB15-v3-Benign,448
0,Benign,0,,,NF-UNSW-NB15-v3-Benign,449
0,Benign,0,,,NF-UNSW-NB15-v3-Benign,450
0,Benign,0,,,NF-UNSW-NB15-v3-Benign,451
0,Benign,0,,,NF-UNSW-NB15-v3-Benign,452
0,Benign,0,,,NF-UNSW-NB15-v3-Benign,453
0,Benign,0,,,NF-UNSW-NB15-v3-Benign,454
0,Benign,0,,,NF-UNSW-NB15-v3-Benign,455
0,Benign,0,,,NF-UNSW-NB15-v3-Benign,456
0,Benign,0,,,NF-UNSW-NB15-v3-Benign,457
0,Benign,0,,,NF-UNSW-NB15-v3-Benign,458
0,Benign,0,,,NF-UNSW-NB15-v3-Benign,459
0,Benign,0,,,NF-UNSW-NB15-v3-Benign,460
0,Benign,0,,,NF-UNSW-NB15-v3-Benign,461
0,Benign,0,,,NF-UNSW-NB15-v3-Benign,462
0,Benign,0,,,NF-UNSW-NB15-v3-Benign,463
0,Benign,0,,,NF-UNSW-NB15-v3-Benign,464
0,Benign,0,,,NF-UNSW-NB15-v3-Benign,465
0,Benign,0,,,NF-UNSW-NB15-v3-Benign,466
0,Benign,0,,,NF-UNSW-NB15-v3-Benign,467
0,Benign,0,,,NF-UNSW-NB15-v3-Benign,468
0,Benign,0,,,NF-UNSW-NB15-v3-Benign,469
0,Benign,0,,,NF-UNSW-NB15-v3-Benign,470
0,Benign,0,,,NF-UNSW-NB15-v3-Benign,471
0,Benign,0,,,NF-UNSW-NB15-v3-Benign,472
0,Benign,0,,,NF-UNSW-NB15-v3-Benign,473
0,Benign,0,,,NF-UNSW-NB15-v3-Benign,474
0,Benign,0,,,NF-UNSW-NB15-v3-Benign,475
0,Benign,0,,,NF-UNSW-NB15-v3-Benign,476
0,Benign,0,,,NF-UNSW-NB15-v3-Benign,477
0,Benign,0,,,NF-UNSW-NB15-v3-Benign,478
0,Benign,0,,,NF-UNSW-NB15-v3-Benign,479
0,Benign,0,,,NF-UNSW-NB15-v3-Benign,480
0,Benign,0,,,NF-UNSW-NB15-v3-Benign,481
0,Benign,0,,,NF-UNSW-NB15-v3-Benign,482
0,Benign,0,,,NF-UNSW-NB15-v3-Benign,483
0,Benign,0,,,NF-UNSW-NB15-v3-Benign,484
0,Benign,0,,,NF-UNSW-NB15-v3-Benign,485
0,Benign,0,,,NF-UNSW-NB15-v3-Benign,486
0,Benign,0,,,NF-UNSW-NB15-v3-Benign,487
0,Benign,0,,,NF-UNSW-NB15-v3-Benign,488
0,Benign,0,,,NF-UNSW-NB15-v3-Benign,489
0,Benign,0,,,NF-UNSW-NB15-v3-Benign,490
0,Benign,0,,,NF-UNSW-NB15-v3-Benign,491
0,Benign,0,,,NF-UNSW-NB15-v3-Benign,492
0,Benign,0,,,NF-UNSW-NB15-v3-Benign,493
0,Benign,0,,,NF-UNSW-NB15-v3-Benign,494
0,Benign,0,,,NF-UNSW-NB15-v3-Benign,495
0,Benign,0,,,NF-UNSW-NB15-v3-Benign,496
0,Benign,0,,,NF-UNSW-NB15-v3-Benign,497
0,Benign,0,,,NF-UNSW-NB15-v3-Benign,498
0,Benign,0,,,NF-UNSW-NB15-v3-Benign,499
0,Benign,0,,,NF-UNSW-NB15-v3-Benign,500
0,Benign,0,,,NF-UNSW-NB15-v3-Benign,501
0,Benign,0,,,NF-UNSW-NB15-v3-Benign,502
0,Benign,0,,,NF-UNSW-NB15-v3-Benign,503
0,Benign,0,,,NF-UNSW-NB15-v3-Benign,504
0,Benign,0,,,NF-UNSW-NB15-v3-Benign,505
0,Benign,0,,,NF-UNSW-NB15-v3-Benign,506
0,Benign,0,,,NF-UNSW-NB15-v3-Benign,507
0,Benign,0,,,NF-UNSW-NB15-v3-Benign,508
0,Benign,0,,,NF-UNSW-NB15-v3-Benign,509
0,Benign,0,,,NF-UNSW-NB15-v3-Benign,510
0,Benign,0,,,NF-UNSW-NB15-v3-Benign,511
0,Benign,0,,,NF-UNSW-NB15-v3-Benign,512
0,Benign,0,,,NF-UNSW-NB15-v3-Benign,513
0,Benign,0,,,NF-UNSW-NB15-v3-Benign,514
0,Benign,0,,,NF-UNSW-NB15-v3-Benign,515
0,Benign,0,,,NF-UNSW-NB15-v3-Benign,516
0,Benign,0,,,NF-UNSW-NB15-v3-Benign,517
0,Benign,0,,,NF-UNSW-NB15-v3-Benign,518
0,Benign,0,,,NF-UNSW-NB15-v3-Benign,519
0,Benign,0,,,NF-UNSW-NB15-v3-Benign,520
0,Benign,0,,,NF-UNSW-NB15-v3-Benign,521
0,Benign,0,,,NF-UNSW-NB15-v3-Benign,522
0,Benign,0,,,NF-UNSW-NB15-v3-Benign,523
0,Benign,0,,,NF-UNSW-NB15-v3-Benign,524
0,Benign,0,,,NF-UNSW-NB15-v3-Benign,525
0,Benign,0,,,NF-UNSW-NB15-v3-Benign,526
0,Benign,0,,,NF-UNSW-NB15-v3-Benign,527
0,Benign,0,,,NF-UNSW-NB15-v3-Benign,528
0,Benign,0,,,NF-UNSW-NB15-v3-Benign,529
0,Benign,0,,,NF-UNSW-NB15-v3-Benign,530
0,Benign,0,,,NF-UNSW-NB15-v3-Benign,531
0,Benign,0,,,NF-UNSW-NB15-v3-Benign,532
0,Benign,0,,,NF-UNSW-NB15-v3-Benign,533
0,Benign,0,,,NF-UNSW-NB15-v3-Benign,534
0,Benign,0,,,NF-UNSW-NB15-v3-Benign,535
0,Benign,0,,,NF-UNSW-NB15-v3-Benign,536
0,Benign,0,,,NF-UNSW-NB15-v3-Benign,537
0,Benign,0,,,NF-UNSW-NB15-v3-Benign,538
0,Benign,0,,,NF-UNSW-NB15-v3-Benign,539
0,Benign,0,,,NF-UNSW-NB15-v3-Benign,540
0,Benign,0,,,NF-UNSW-NB15-v3-Benign,541
0,Benign,0,,,NF-UNSW-NB15-v3-Benign,542
0,Benign,0,,,NF-UNSW-NB15-v3-Benign,543
0,Benign,0,,,NF-UNSW-NB15-v3-Benign,544
0,Benign,0,,,NF-UNSW-NB15-v3-Benign,545
0,Benign,0,,,NF-UNSW-NB15-v3-Benign,546
0,Benign,0,,,NF-UNSW-NB15-v3-Benign,547
0,Benign,0,,,NF-UNSW-NB15-v3-Benign,548
0,Benign,0,,,NF-UNSW-NB15-v3-Benign,549
0,Benign,0,,,NF-UNSW-NB15-v3-Benign,550
0,Benign,0,,,NF-UNSW-NB15-v3-Benign,551
0,Benign,0,,,NF-UNSW-NB15-v3-Benign,552
0,Benign,0,,,NF-UNSW-NB15-v3-Benign,553
0,Benign,0,,,NF-UNSW-NB15-v3-Benign,554
0,Benign,0,,,NF-UNSW-NB15-v3-Benign,555
0,Benign,0,,,NF-UNSW-NB15-v3-Benign,556
0,Benign,0,,,NF-UNSW-NB15-v3-Benign,557
0,Benign,0,,,NF-UNSW-NB15-v3-Benign,558
0,Benign,0,,,NF-UNSW-NB15-v3-Benign,559
0,Benign,0,,,NF-UNSW-NB15-v3-Benign,560
0,Benign,0,,,NF-UNSW-NB15-v3-Benign,561
0,Benign,0,,,NF-UNSW-NB15-v3-Benign,562
0,Benign,0,,,NF-UNSW-NB15-v3-Benign,563
0,Benign,0,,,NF-UNSW-NB15-v3-Benign,564
0,Benign,0,,,NF-UNSW-NB15-v3-Benign,565
0,Benign,0,,,NF-UNSW-NB15-v3-Benign,566
0,Benign,0,,,NF-UNSW-NB15-v3-Benign,567
0,Benign,0,,,NF-UNSW-NB15-v3-Benign,568
0,Benign,0,,,NF-UNSW-NB15-v3-Benign,569
0,Benign,0,,,NF-UNSW-NB15-v3-Benign,570
0,Benign,0,,,NF-UNSW-NB15-v3-Benign,571
0,Benign,0,,,NF-UNSW-NB15-v3-Benign,572
0,Benign,0,,,NF-UNSW-NB15-v3-Benign,573
0,Benign,0,,,NF-UNSW-NB15-v3-Benign,574
0,Benign,0,,,NF-UNSW-NB15-v3-Benign,575
0,Benign,0,,,NF-UNSW-NB15-v3-Benign,576
0,Benign,0,,,NF-UNSW-NB15-v3-Benign,577
0,Benign,0,,,NF-UNSW-NB15-v3-Benign,578
0,Benign,0,,,NF-UNSW-NB15-v3-Benign,579
0,Benign,0,,,NF-UNSW-NB15-v3-Benign,580
0,Benign,0,,,NF-UNSW-NB15-v3-Benign,581
0,Benign,0,,,NF-UNSW-NB15-v3-Benign,582
0,Benign,0,,,NF-UNSW-NB15-v3-Benign,583
0,Benign,0,,,NF-UNSW-NB15-v3-Benign,584
0,Benign,0,,,NF-UNSW-NB15-v3-Benign,585
0,Benign,0,,,NF-UNSW-NB15-v3-Benign,586
0,Benign,0,,,NF-UNSW-NB15-v3-Benign,587
0,Benign,0,,,NF-UNSW-NB15-v3-Benign,588
0,Benign,0,,,NF-UNSW-NB15-v3-Benign,589
0,Benign,0,,,NF-UNSW-NB15-v3-Benign,590
0,Benign,0,,,NF-UNSW-NB15-v3-Benign,591
0,Benign,0,,,NF-UNSW-NB15-v3-Benign,592
0,Benign,0,,,NF-UNSW-NB15-v3-Benign,593
0,Benign,0,,,NF-UNSW-NB15-v3-Benign,594
0,Benign,0,,,NF-UNSW-NB15-v3-Benign,595
0,Benign,0,,,NF-UNSW-NB15-v3-Benign,596
0,Benign,0,,,NF-UNSW-NB15-v3-Benign,597
0,Benign,0,,,NF-UNSW-NB15-v3-Benign,598
0,Benign,0,,,NF-UNSW-NB15-v3-Benign,599
0,Benign,0,,,NF-UNSW-NB15-v3-Benign,600
0,Benign,0,,,NF-UNSW-NB15-v3-Benign,601
0,Benign,0,,,NF-UNSW-NB15-v3-Benign,602
0,Benign,0,,,NF-UNSW-NB15-v3-Benign,603
0,Benign,0,,,NF-UNSW-NB15-v3-Benign,604
0,Benign,0,,,NF-UNSW-NB15-v3-Benign,605
0,Benign,0,,,NF-UNSW-NB15-v3-Benign,606
0,Benign,0,,,NF-UNSW-NB15-v3-Benign,607
0,Benign,0,,,NF-UNSW-NB15-v3-Benign,608
0,Benign,0,,,NF-UNSW-NB15-v3-Benign,609
0,Benign,0,,,NF-UNSW-NB15-v3-Benign,610
0,Benign,0,,,NF-UNSW-NB15-v3-Benign,611
0,Benign,0,,,NF-UNSW-NB15-v3-Benign,612
0,Benign,0,,,NF-UNSW-NB15-v3-Benign,613
0,Benign,0,,,NF-UNSW-NB15-v3-Benign,614
0,Benign,0,,,NF-UNSW-NB15-v3-Benign,615
0,Benign,0,,,NF-UNSW-NB15-v3-Benign,616
0,Benign,0,,,NF-UNSW-NB15-v3-Benign,617
0,Benign,0,,,NF-UNSW-NB15-v3-Benign,618
0,Benign,0,,,NF-UNSW-NB15-v3-Benign,619
0,Benign,0,,,NF-UNSW-NB15-v3-Benign,620
0,Benign,0,,,NF-UNSW-NB15-v3-Benign,621
0,Benign,0,,,NF-UNSW-NB15-v3-Benign,622
0,Benign,0,,,NF-UNSW-NB15-v3-Benign,623
0,Benign,0,,,NF-UNSW-NB15-v3-Benign,624
0,Benign,0,,,NF-UNSW-NB15-v3-Benign,625
0,Benign,0,,,NF-UNSW-NB15-v3-Benign,626
0,Benign,0,,,NF-UNSW-NB15-v3-Benign,627
0,Benign,0,,,NF-UNSW-NB15-v3-Benign,628
0,Benign,0,,,NF-UNSW-NB15-v3-Benign,629
0,Benign,0,,,NF-UNSW-NB15-v3-Benign,630
0,Benign,0,,,NF-UNSW-NB15-v3-Benign,631
0,Benign,0,,,NF-UNSW-NB15-v3-Benign,632
0,Benign,0,,,NF-UNSW-NB15-v3-Benign,633
0,Benign,0,,,NF-UNSW-NB15-v3-Benign,634
0,Benign,0,,,NF-UNSW-NB15-v3-Benign,635
0,Benign,0,,,NF-UNSW-NB15-v3-Benign,636
0,Benign,0,,,NF-UNSW-NB15-v3-Benign,637
0,Benign,0,,,NF-UNSW-NB15-v3-Benign,638
0,Benign,0,,,NF-UNSW-NB15-v3-Benign,639
0,Benign,0,,,NF-UNSW-NB15-v3-Benign,640
0,Benign,0,,,NF-UNSW-NB15-v3-Benign,641
0,Benign,0,,,NF-UNSW-NB15-v3-Benign,642
0,Benign,0,,,NF-UNSW-NB15-v3-Benign,643
0,Benign,0,,,NF-UNSW-NB15-v3-Benign,644
0,Benign,0,,,NF-UNSW-NB15-v3-Benign,645
0,Benign,0,,,NF-UNSW-NB15-v3-Benign,646
0,Benign,0,,,NF-UNSW-NB15-v3-Benign,647
0,Benign,0,,,NF-UNSW-NB15-v3-Benign,648
0,Benign,0,,,NF-UNSW-NB15-v3-Benign,649
0,Benign,0,,,NF-UNSW-NB15-v3-Benign,650
0,Benign,0,,,NF-UNSW-NB15-v3-Benign,651
0,Benign,0,,,NF-UNSW-NB15-v3-Benign,652
0,Benign,0,,,NF-UNSW-NB15-v3-Benign,653
0,Benign,0,,,NF-UNSW-NB15-v3-Benign,654
0,Benign,0,,,NF-UNSW-NB15-v3-Benign,655
0,Benign,0,,,NF-UNSW-NB15-v3-Benign,656
0,Benign,0,,,NF-UNSW-NB15-v3-Benign,657
0,Benign,0,,,NF-UNSW-NB15-v3-Benign,658
0,Benign,0,,,NF-UNSW-NB15-v3-Benign,659
0,Benign,0,,,NF-UNSW-NB15-v3-Benign,660
0,Benign,0,,,NF-UNSW-NB15-v3-Benign,661
0,Benign,0,,,NF-UNSW-NB15-v3-Benign,662
0,Benign,0,,,NF-UNSW-NB15-v3-Benign,663
0,Benign,0,,,NF-UNSW-NB15-v3-Benign,664
0,Benign,0,,,NF-UNSW-NB15-v3-Benign,665
0,Benign,0,,,NF-UNSW-NB15-v3-Benign,666
0,Benign,0,,,NF-UNSW-NB15-v3-Benign,667
0,Benign,0,,,NF-UNSW-NB15-v3-Benign,668
0,Benign,0,,,NF-UNSW-NB15-v3-Benign,669
0,Benign,0,,,NF-UNSW-NB15-v3-Benign,670
0,Benign,0,,,NF-UNSW-NB15-v3-Benign,671
0,Benign,0,,,NF-UNSW-NB15-v3-Benign,672
0,Benign,0,,,NF-UNSW-NB15-v3-Benign,673
0,Benign,0,,,NF-UNSW-NB15-v3-Benign,674
0,Benign,0,,,NF-UNSW-NB15-v3-Benign,675
0,Benign,0,,,NF-UNSW-NB15-v3-Benign,676
0,Benign,0,,,NF-UNSW-NB15-v3-Benign,677
0,Benign,0,,,NF-UNSW-NB15-v3-Benign,678
0,Benign,0,,,NF-UNSW-NB15-v3-Benign,679
0,Benign,0,,,NF-UNSW-NB15-v3-Benign,680
0,Benign,0,,,NF-UNSW-NB15-v3-Benign,681
0,Benign,0,,,NF-UNSW-NB15-v3-Benign,682
0,Benign,0,,,NF-UNSW-NB15-v3-Benign,683
0,Benign,0,,,NF-UNSW-NB15-v3-Benign,684
0,Benign,0,,,NF-UNSW-NB15-v3-Benign,685
0,Benign,0,,,NF-UNSW-NB15-v3-Benign,686
0,Benign,0,,,NF-UNSW-NB15-v3-Benign,687
0,Benign,0,,,NF-UNSW-NB15-v3-Benign,688
0,Benign,0,,,NF-UNSW-NB15-v3-Benign,689
0,Benign,0,,,NF-UNSW-NB15-v3-Benign,690
0,Benign,0,,,NF-UNSW-NB15-v3-Benign,691
0,Benign,0,,,NF-UNSW-NB15-v3-Benign,692
0,Benign,0,,,NF-UNSW-NB15-v3-Benign,693
0,Benign,0,,,NF-UNSW-NB15-v3-Benign,694
0,Benign,0,,,NF-UNSW-NB15-v3-Benign,695
0,Benign,0,,,NF-UNSW-NB15-v3-Benign,696
0,Benign,0,,,NF-UNSW-NB15-v3-Benign,697
0,Benign,0,,,NF-UNSW-NB15-v3-Benign,698
0,Benign,0,,,NF-UNSW-NB15-v3-Benign,699
0,Benign,0,,,NF-UNSW-NB15-v3-Benign,700
0,Benign,0,,,NF-UNSW-NB15-v3-Benign,701
0,Benign,0,,,NF-UNSW-NB15-v3-Benign,702
0,Benign,0,,,NF-UNSW-NB15-v3-Benign,703
0,Benign,0,,,NF-UNSW-NB15-v3-Benign,704
0,Benign,0,,,NF-UNSW-NB15-v3-Benign,705
0,Benign,0,,,NF-UNSW-NB15-v3-Benign,706
0,Benign,0,,,NF-UNSW-NB15-v3-Benign,707
0,Benign,0,,,NF-UNSW-NB15-v3-Benign,708
0,Benign,0,,,NF-UNSW-NB15-v3-Benign,709
0,Benign,0,,,NF-UNSW-NB15-v3-Benign,710
0,Benign,0,,,NF-UNSW-NB15-v3-Benign,711
0,Benign,0,,,NF-UNSW-NB15-v3-Benign,712
0,Benign,0,,,NF-UNSW-NB15-v3-Benign,713
0,Benign,0,,,NF-UNSW-NB15-v3-Benign,714
0,Benign,0,,,NF-UNSW-NB15-v3-Benign,715
0,Benign,0,,,NF-UNSW-NB15-v3-Benign,716
0,Benign,0,,,NF-UNSW-NB15-v3-Benign,717
0,Benign,0,,,NF-UNSW-NB15-v3-Benign,718
0,Benign,0,,,NF-UNSW-NB15-v3-Benign,719
0,Benign,0,,,NF-UNSW-NB15-v3-Benign,720
0,Benign,0,,,NF-UNSW-NB15-v3-Benign,721
0,Benign,0,,,NF-UNSW-NB15-v3-Benign,722
0,Benign,0,,,NF-UNSW-NB15-v3-Benign,723
0,Benign,0,,,NF-UNSW-NB15-v3-Benign,724
0,Benign,0,,,NF-UNSW-NB15-v3-Benign,725
0,Benign,0,,,NF-UNSW-NB15-v3-Benign,726
0,Benign,0,,,NF-UNSW-NB15-v3-Benign,727
0,Benign,0,,,NF-UNSW-NB15-v3-Benign,728
0,Benign,0,,,NF-UNSW-NB15-v3-Benign,729
0,Benign,0,,,NF-UNSW-NB15-v3-Benign,730
0,Benign,0,,,NF-UNSW-NB15-v3-Benign,731
0,Benign,0,,,NF-UNSW-NB15-v3-Benign,732
0,Benign,0,,,NF-UNSW-NB15-v3-Benign,733
0,Benign,0,,,NF-UNSW-NB15-v3-Benign,734
0,Benign,0,,,NF-UNSW-NB15-v3-Benign,735
0,Benign,0,,,NF-UNSW-NB15-v3-Benign,736
0,Benign,0,,,NF-UNSW-NB15-v3-Benign,737
0,Benign,0,,,NF-UNSW-NB15-v3-Benign,738
0,Benign,0,,,NF-UNSW-NB15-v3-Benign,739
0,Benign,0,,,NF-UNSW-NB15-v3-Benign,740
0,Benign,0,,,NF-UNSW-NB15-v3-Benign,741
0,Benign,0,,,NF-UNSW-NB15-v3-Benign,742
0,Benign,0,,,NF-UNSW-NB15-v3-Benign,743
0,Benign,0,,,NF-UNSW-NB15-v3-Benign,744
0,Benign,0,,,NF-UNSW-NB15-v3-Benign,745
0,Benign,0,,,NF-UNSW-NB15-v3-Benign,746
0,Benign,0,,,NF-UNSW-NB15-v3-Benign,747
0,Benign,0,,,NF-UNSW-NB15-v3-Benign,748
0,Benign,0,,,NF-UNSW-NB15-v3-Benign,749
0,Benign,0,,,NF-UNSW-NB15-v3-Benign,750
0,Benign,0,,,NF-UNSW-NB15-v3-Benign,751
0,Benign,0,,,NF-UNSW-NB15-v3-Benign,752
0,Benign,0,,,NF-UNSW-NB15-v3-Benign,753
0,Benign,0,,,NF-UNSW-NB15-v3-Benign,754
0,Benign,0,,,NF-UNSW-NB15-v3-Benign,755
0,Benign,0,,,NF-UNSW-NB15-v3-Benign,756
0,Benign,0,,,NF-UNSW-NB15-v3-Benign,757
0,Benign,0,,,NF-UNSW-NB15-v3-Benign,758
0,Benign,0,,,NF-UNSW-NB15-v3-Benign,759
0,Benign,0,,,NF-UNSW-NB15-v3-Benign,760
0,Benign,0,,,NF-UNSW-NB15-v3-Benign,761
0,Benign,0,,,NF-UNSW-NB15-v3-Benign,762
0,Benign,0,,,NF-UNSW-NB15-v3-Benign,763
0,Benign,0,,,NF-UNSW-NB15-v3-Benign,764
0,Benign,0,,,NF-UNSW-NB15-v3-Benign,765
0,Benign,0,,,NF-UNSW-NB15-v3-Benign,766
0,Benign,0,,,NF-UNSW-NB15-v3-Benign,767
0,Benign,0,,,NF-UNSW-NB15-v3-Benign,768
0,Benign,0,,,NF-UNSW-NB15-v3-Benign,769
0,Benign,0,,,NF-UNSW-NB15-v3-Benign,770
0,Benign,0,,,NF-UNSW-NB15-v3-Benign,771
0,Benign,0,,,NF-UNSW-NB15-v3-Benign,772
0,Benign,0,,,NF-UNSW-NB15-v3-Benign,773
0,Benign,0,,,NF-UNSW-NB15-v3-Benign,774
0,Benign,0,,,NF-UNSW-NB15-v3-Benign,775
0,Benign,0,,,NF-UNSW-NB15-v3-Benign,776
0,Benign,0,,,NF-UNSW-NB15-v3-Benign,777
0,Benign,0,,,NF-UNSW-NB15-v3-Benign,778
0,Benign,0,,,NF-UNSW-NB15-v3-Benign,779
0,Benign,0,,,NF-UNSW-NB15-v3-Benign,780
0,Benign,0,,,NF-UNSW-NB15-v3-Benign,781
0,Benign,0,,,NF-UNSW-NB15-v3-Benign,782
0,Benign,0,,,NF-UNSW-NB15-v3-Benign,783
0,Benign,0,,,NF-UNSW-NB15-v3-Benign,784
0,Benign,0,,,NF-UNSW-NB15-v3-Benign,785
0,Benign,0,,,NF-UNSW-NB15-v3-Benign,786
0,Benign,0,,,NF-UNSW-NB15-v3-Benign,787
0,Benign,0,,,NF-UNSW-NB15-v3-Benign,788
0,Benign,0,,,NF-UNSW-NB15-v3-Benign,789
0,Benign,0,,,NF-UNSW-NB15-v3-Benign,790
0,Benign,0,,,NF-UNSW-NB15-v3-Benign,791
0,Benign,0,,,NF-UNSW-NB15-v3-Benign,792
0,Benign,0,,,NF-UNSW-NB15-v3-Benign,793
0,Benign,0,,,NF-UNSW-NB15-v3-Benign,794
0,Benign,0,,,NF-UNSW-NB15-v3-Benign,795
0,Benign,0,,,NF-UNSW-NB15-v3-Benign,796
0,Benign,0,,,NF-UNSW-NB15-v3-Benign,797
0,Benign,0,,,NF-UNSW-NB15-v3-Benign,798
0,Benign,0,,,NF-UNSW-NB15-v3-Benign,799
0,Benign,0,,,NF-UNSW-NB15-v3-Benign,800
0,Benign,0,,,NF-UNSW-NB15-v3-Benign,801
0,Benign,0,,,NF-UNSW-NB15-v3-Benign,802
0,Benign,0,,,NF-UNSW-NB15-v3-Benign,803
0,Benign,0,,,NF-UNSW-NB15-v3-Benign,804
0,Benign,0,,,NF-UNSW-NB15-v3-Benign,805
0,Benign,0,,,NF-UNSW-NB15-v3-Benign,806
0,Benign,0,,,NF-UNSW-NB15-v3-Benign,807
0,Benign,0,,,NF-UNSW-NB15-v3-Benign,808
0,Benign,0,,,NF-UNSW-NB15-v3-Benign,809
0,Benign,0,,,NF-UNSW-NB15-v3-Benign,810
0,Benign,0,,,NF-UNSW-NB15-v3-Benign,811
0,Benign,0,,,NF-UNSW-NB15-v3-Benign,812
0,Benign,0,,,NF-UNSW-NB15-v3-Benign,813
0,Benign,0,,,NF-UNSW-NB15-v3-Benign,814
0,Benign,0,,,NF-UNSW-NB15-v3-Benign,815
0,Benign,0,,,NF-UNSW-NB15-v3-Benign,816
0,Benign,0,,,NF-UNSW-NB15-v3-Benign,817
0,Benign,0,,,NF-UNSW-NB15-v3-Benign,818
0,Benign,0,,,NF-UNSW-NB15-v3-Benign,819
0,Benign,0,,,NF-UNSW-NB15-v3-Benign,820
0,Benign,0,,,NF-UNSW-NB15-v3-Benign,821
0,Benign,0,,,NF-UNSW-NB15-v3-Benign,822
0,Benign,0,,,NF-UNSW-NB15-v3-Benign,823
0,Benign,0,,,NF-UNSW-NB15-v3-Benign,824
0,Benign,0,,,NF-UNSW-NB15-v3-Benign,825
0,Benign,0,,,NF-UNSW-NB15-v3-Benign,826
0,Benign,0,,,NF-UNSW-NB15-v3-Benign,827
0,Benign,0,,,NF-UNSW-NB15-v3-Benign,828
0,Benign,0,,,NF-UNSW-NB15-v3-Benign,829
0,Benign,0,,,NF-UNSW-NB15-v3-Benign,830
0,Benign,0,,,NF-UNSW-NB15-v3-Benign,831
0,Benign,0,,,NF-UNSW-NB15-v3-Benign,832
0,Benign,0,,,NF-UNSW-NB15-v3-Benign,833
0,Benign,0,,,NF-UNSW-NB15-v3-Benign,834
0,Benign,0,,,NF-UNSW-NB15-v3-Benign,835
0,Benign,0,,,NF-UNSW-NB15-v3-Benign,836
0,Benign,0,,,NF-UNSW-NB15-v3-Benign,837
0,Benign,0,,,NF-UNSW-NB15-v3-Benign,838
0,Benign,0,,,NF-UNSW-NB15-v3-Benign,839
0,Benign,0,,,NF-UNSW-NB15-v3-Benign,840
0,Benign,0,,,NF-UNSW-NB15-v3-Benign,841
0,Benign,0,,,NF-UNSW-NB15-v3-Benign,842
0,Benign,0,,,NF-UNSW-NB15-v3-Benign,843
0,Benign,0,,,NF-UNSW-NB15-v3-Benign,844
0,Benign,0,,,NF-UNSW-NB15-v3-Benign,845
0,Benign,0,,,NF-UNSW-NB15-v3-Benign,846
0,Benign,0,,,NF-UNSW-NB15-v3-Benign,847
0,Benign,0,,,NF-UNSW-NB15-v3-Benign,848
0,Benign,0,,,NF-UNSW-NB15-v3-Benign,849
0,Benign,0,,,NF-UNSW-NB15-v3-Benign,850
0,Benign,0,,,NF-UNSW-NB15-v3-Benign,851
0,Benign,0,,,NF-UNSW-NB15-v3-Benign,852
0,Benign,0,,,NF-UNSW-NB15-v3-Benign,853
0,Benign,0,,,NF-UNSW-NB15-v3-Benign,854
0,Benign,0,,,NF-UNSW-NB15-v3-Benign,855
0,Benign,0,,,NF-UNSW-NB15-v3-Benign,856
0,Benign,0,,,NF-UNSW-NB15-v3-Benign,857
0,Benign,0,,,NF-UNSW-NB15-v3-Benign,858
0,Benign,0,,,NF-UNSW-NB15-v3-Benign,859
0,Benign,0,,,NF-UNSW-NB15-v3-Benign,860
0,Benign,0,,,NF-UNSW-NB15-v3-Benign,861
0,Benign,0,,,NF-UNSW-NB15-v3-Benign,862
0,Benign,0,,,NF-UNSW-NB15-v3-Benign,863
0,Benign,0,,,NF-UNSW-NB15-v3-Benign,864
0,Benign,0,,,NF-UNSW-NB15-v3-Benign,865
0,Benign,0,,,NF-UNSW-NB15-v3-Benign,866
0,Benign,0,,,NF-UNSW-NB15-v3-Benign,867
0,Benign,0,,,NF-UNSW-NB15-v3-Benign,868
0,Benign,0,,,NF-UNSW-NB15-v3-Benign,869
0,Benign,0,,,NF-UNSW-NB15-v3-Benign,870
0,Benign,0,,,NF-UNSW-NB15-v3-Benign,871
0,Benign,0,,,NF-UNSW-NB15-v3-Benign,872
0,Benign,0,,,NF-UNSW-NB15-v3-Benign,873
0,Benign,0,,,NF-UNSW-NB15-v3-Benign,874
0,Benign,0,,,NF-UNSW-NB15-v3-Benign,875
0,Benign,0,,,NF-UNSW-NB15-v3-Benign,876
0,Benign,0,,,NF-UNSW-NB15-v3-Benign,877
0,Benign,0,,,NF-UNSW-NB15-v3-Benign,878
0,Benign,0,,,NF-UNSW-NB15-v3-Benign,879
0,Benign,0,,,NF-UNSW-NB15-v3-Benign,880
0,Benign,0,,,NF-UNSW-NB15-v3-Benign,881
0,Benign,0,,,NF-UNSW-NB15-v3-Benign,882
0,Benign,0,,,NF-UNSW-NB15-v3-Benign,883
0,Benign,0,,,NF-UNSW-NB15-v3-Benign,884
0,Benign,0,,,NF-UNSW-NB15-v3-Benign,885
0,Benign,0,,,NF-UNSW-NB15-v3-Benign,886
0,Benign,0,,,NF-UNSW-NB15-v3-Benign,887
0,Benign,0,,,NF-UNSW-NB15-v3-Benign,888
0,Benign,0,,,NF-UNSW-NB15-v3-Benign,889
0,Benign,0,,,NF-UNSW-NB15-v3-Benign,890
0,Benign,0,,,NF-UNSW-NB15-v3-Benign,891
0,Benign,0,,,NF-UNSW-NB15-v3-Benign,892
0,Benign,0,,,NF-UNSW-NB15-v3-Benign,893
0,Benign,0,,,NF-UNSW-NB15-v3-Benign,894
0,Benign,0,,,NF-UNSW-NB15-v3-Benign,895
0,Benign,0,,,NF-UNSW-NB15-v3-Benign,896
0,Benign,0,,,NF-UNSW-NB15-v3-Benign,897
0,Benign,0,,,NF-UNSW-NB15-v3-Benign,898
0,Benign,0,,,NF-UNSW-NB15-v3-Benign,899
0,Benign,0,,,NF-UNSW-NB15-v3-Benign,900
0,Benign,0,,,NF-UNSW-NB15-v3-Benign,901
0,Benign,0,,,NF-UNSW-NB15-v3-Benign,902
0,Benign,0,,,NF-UNSW-NB15-v3-Benign,903
0,Benign,0,,,NF-UNSW-NB15-v3-Benign,904
0,Benign,0,,,NF-UNSW-NB15-v3-Benign,905
0,Benign,0,,,NF-UNSW-NB15-v3-Benign,906
0,Benign,0,,,NF-UNSW-NB15-v3-Benign,907
0,Benign,0,,,NF-UNSW-NB15-v3-Benign,908
0,Benign,0,,,NF-UNSW-NB15-v3-Benign,909
0,Benign,0,,,NF-UNSW-NB15-v3-Benign,910
0,Benign,0,,,NF-UNSW-NB15-v3-Benign,911
0,Benign,0,,,NF-UNSW-NB15-v3-Benign,912
0,Benign,0,,,NF-UNSW-NB15-v3-Benign,913
0,Benign,0,,,NF-UNSW-NB15-v3-Benign,914
0,Benign,0,,,NF-UNSW-NB15-v3-Benign,915
0,Benign,0,,,NF-UNSW-NB15-v3-Benign,916
0,Benign,0,,,NF-UNSW-NB15-v3-Benign,917
0,Benign,0,,,NF-UNSW-NB15-v3-Benign,918
0,Benign,0,,,NF-UNSW-NB15-v3-Benign,919
0,Benign,0,,,NF-UNSW-NB15-v3-Benign,920
0,Benign,0,,,NF-UNSW-NB15-v3-Benign,921
0,Benign,0,,,NF-UNSW-NB15-v3-Benign,922
0,Benign,0,,,NF-UNSW-NB15-v3-Benign,923
0,Benign,0,,,NF-UNSW-NB15-v3-Benign,924
0,Benign,0,,,NF-UNSW-NB15-v3-Benign,925
0,Benign,0,,,NF-UNSW-NB15-v3-Benign,926
0,Benign,0,,,NF-UNSW-NB15-v3-Benign,927
0,Benign,0,,,NF-UNSW-NB15-v3-Benign,928
0,Benign,0,,,NF-UNSW-NB15-v3-Benign,929
0,Benign,0,,,NF-UNSW-NB15-v3-Benign,930
0,Benign,0,,,NF-UNSW-NB15-v3-Benign,931
0,Benign,0,,,NF-UNSW-NB15-v3-Benign,932
0,Benign,0,,,NF-UNSW-NB15-v3-Benign,933
0,Benign,0,,,NF-UNSW-NB15-v3-Benign,934
0,Benign,0,,,NF-UNSW-NB15-v3-Benign,935
0,Benign,0,,,NF-UNSW-NB15-v3-Benign,936
0,Benign,0,,,NF-UNSW-NB15-v3-Benign,937
0,Benign,0,,,NF-UNSW-NB15-v3-Benign,938
0,Benign,0,,,NF-UNSW-NB15-v3-Benign,939
0,Benign,0,,,NF-UNSW-NB15-v3-Benign,940
0,Benign,0,,,NF-UNSW-NB15-v3-Benign,941
0,Benign,0,,,NF-UNSW-NB15-v3-Benign,942
0,Benign,0,,,NF-UNSW-NB15-v3-Benign,943
0,Benign,0,,,NF-UNSW-NB15-v3-Benign,944
0,Benign,0,,,NF-UNSW-NB15-v3-Benign,945
0,Benign,0,,,NF-UNSW-NB15-v3-Benign,946
0,Benign,0,,,NF-UNSW-NB15-v3-Benign,947
0,Benign,0,,,NF-UNSW-NB15-v3-Benign,948
0,Benign,0,,,NF-UNSW-NB15-v3-Benign,949
0,Benign,0,,,NF-UNSW-NB15-v3-Benign,950
0,Benign,0,,,NF-UNSW-NB15-v3-Benign,951
0,Benign,0,,,NF-UNSW-NB15-v3-Benign,952
0,Benign,0,,,NF-UNSW-NB15-v3-Benign,953
0,Benign,0,,,NF-UNSW-NB15-v3-Benign,954
0,Benign,0,,,NF-UNSW-NB15-v3-Benign,955
0,Benign,0,,,NF-UNSW-NB15-v3-Benign,956
0,Benign,0,,,NF-UNSW-NB15-v3-Benign,957
0,Benign,0,,,NF-UNSW-NB15-v3-Benign,958
0,Benign,0,,,NF-UNSW-NB15-v3-Benign,959
0,Benign,0,,,NF-UNSW-NB15-v3-Benign,960
0,Benign,0,,,NF-UNSW-NB15-v3-Benign,961
0,Benign,0,,,NF-UNSW-NB15-v3-Benign,962
0,Benign,0,,,NF-UNSW-NB15-v3-Benign,963
0,Benign,0,,,NF-UNSW-NB15-v3-Benign,964
0,Benign,0,,,NF-UNSW-NB15-v3-Benign,965
0,Benign,0,,,NF-UNSW-NB15-v3-Benign,966
0,Benign,0,,,NF-UNSW-NB15-v3-Benign,967
0,Benign,0,,,NF-UNSW-NB15-v3-Benign,968
0,Benign,0,,,NF-UNSW-NB15-v3-Benign,969
0,Benign,0,,,NF-UNSW-NB15-v3-Benign,970
0,Benign,0,,,NF-UNSW-NB15-v3-Benign,971
0,Benign,0,,,NF-UNSW-NB15-v3-Benign,972
0,Benign,0,,,NF-UNSW-NB15-v3-Benign,973
0,Benign,0,,,NF-UNSW-NB15-v3-Benign,974
0,Benign,0,,,NF-UNSW-NB15-v3-Benign,975
0,Benign,0,,,NF-UNSW-NB15-v3-Benign,976
0,Benign,0,,,NF-UNSW-NB15-v3-Benign,977
0,Benign,0,,,NF-UNSW-NB15-v3-Benign,978
0,Benign,0,,,NF-UNSW-NB15-v3-Benign,979
0,Benign,0,,,NF-UNSW-NB15-v3-Benign,980
0,Benign,0,,,NF-UNSW-NB15-v3-Benign,981
0,Benign,0,,,NF-UNSW-NB15-v3-Benign,982
0,Benign,0,,,NF-UNSW-NB15-v3-Benign,983
0,Benign,0,,,NF-UNSW-NB15-v3-Benign,984
0,Benign,0,,,NF-UNSW-NB15-v3-Benign,985
0,Benign,0,,,NF-UNSW-NB15-v3-Benign,986
0,Benign,0,,,NF-UNSW-NB15-v3-Benign,987
0,Benign,0,,,NF-UNSW-NB15-v3-Benign,988
0,Benign,0,,,NF-UNSW-NB15-v3-Benign,989
0,Benign,0,,,NF-UNSW-NB15-v3-Benign,990
0,Benign,0,,,NF-UNSW-NB15-v3-Benign,991
0,Benign,0,,,NF-UNSW-NB15-v3-Benign,992
0,Benign,0,,,NF-UNSW-NB15-v3-Benign,993
0,Benign,0,,,NF-UNSW-NB15-v3-Benign,994
0,Benign,0,,,NF-UNSW-NB15-v3-Benign,995
0,Benign,0,,,NF-UNSW-NB15-v3-Benign,996
0,Benign,0,,,NF-UNSW-NB15-v3-Benign,997
0,Benign,0,,,NF-UNSW-NB15-v3-Benign,998
0,Benign,0,,,NF-UNSW-NB15-v3-Benign,999
